-- ============================================================
--  VITAFARMA - Dataset SQL | Analista Júnior
--  Rede de farmácias | 5 estados | 2023-2024
-- ============================================================

-- ========================
-- TABELA: lojas
-- ========================
CREATE TABLE lojas (
    loja_id     INT PRIMARY KEY,
    nome_loja   VARCHAR(50),
    cidade      VARCHAR(50),
    estado      CHAR(2),
    regiao      VARCHAR(10),
    inauguracao DATE
);

INSERT INTO lojas VALUES
(1,  'VitaFarma Centro SP',    'São Paulo',       'SP', 'Sudeste', '2018-03-10'),
(2,  'VitaFarma Vila Madalena', 'São Paulo',      'SP', 'Sudeste', '2019-07-22'),
(3,  'VitaFarma Campinas',     'Campinas',        'SP', 'Sudeste', '2020-01-15'),
(4,  'VitaFarma Rio Centro',   'Rio de Janeiro',  'RJ', 'Sudeste', '2017-11-05'),
(5,  'VitaFarma Ipanema',      'Rio de Janeiro',  'RJ', 'Sudeste', '2021-04-18'),
(6,  'VitaFarma BH Savassi',   'Belo Horizonte',  'MG', 'Sudeste', '2019-09-30'),
(7,  'VitaFarma Curitiba',     'Curitiba',        'PR', 'Sul',     '2020-06-12'),
(8,  'VitaFarma Porto Alegre', 'Porto Alegre',    'RS', 'Sul',     '2022-02-28'),
(9,  'VitaFarma Recife',       'Recife',          'PE', 'Nordeste','2021-08-10'),
(10, 'VitaFarma Salvador',     'Salvador',        'BA', 'Nordeste','2023-01-20');

-- ========================
-- TABELA: categorias
-- ========================
CREATE TABLE categorias (
    categoria_id   INT PRIMARY KEY,
    nome_categoria VARCHAR(50),
    margem_alvo    DECIMAL(5,2)  -- % de margem esperada
);

INSERT INTO categorias VALUES
(1, 'Medicamentos Genéricos',  35.00),
(2, 'Medicamentos de Marca',   25.00),
(3, 'Dermocosméticos',         55.00),
(4, 'Suplementos',             48.00),
(5, 'Higiene Pessoal',         40.00),
(6, 'Perfumaria',              60.00),
(7, 'Nutrição Infantil',       30.00),
(8, 'Equipamentos de Saúde',   22.00);

-- ========================
-- TABELA: produtos
-- ========================
CREATE TABLE produtos (
    produto_id   INT PRIMARY KEY,
    nome_produto VARCHAR(80),
    categoria_id INT REFERENCES categorias(categoria_id),
    custo        DECIMAL(10,2),
    preco_venda  DECIMAL(10,2),
    fornecedor   VARCHAR(50)
);

INSERT INTO produtos VALUES
(1,  'Dipirona 500mg cx30',        1, 3.20,  8.90,  'FarmaDistrib'),
(2,  'Ibuprofeno 600mg cx20',      1, 4.10,  11.50, 'FarmaDistrib'),
(3,  'Amoxicilina 500mg cx21',     1, 9.80,  24.90, 'MedSupply'),
(4,  'Omeprazol 20mg cx28',        1, 5.50,  14.80, 'MedSupply'),
(5,  'Losartana 50mg cx30',        1, 6.20,  16.50, 'FarmaDistrib'),
(6,  'Rivotril 2mg cx30',          2, 18.40, 52.00, 'PharmaImport'),
(7,  'Puran T4 50mcg cx30',        2, 22.10, 61.00, 'PharmaImport'),
(8,  'Allegra 180mg cx10',         2, 31.00, 79.90, 'MedSupply'),
(9,  'Cetoconazol Shampoo',        3, 8.50,  29.90, 'DermaBrasil'),
(10, 'Protetor Solar FPS60 120ml', 3, 19.80, 68.90, 'DermaBrasil'),
(11, 'Vitamina C 1g cx30',         4, 7.20,  29.90, 'NutriLife'),
(12, 'Whey Protein 900g',          4, 62.00, 139.90,'NutriLife'),
(13, 'Colágeno Hidrolisado 300g',  4, 28.00, 79.90, 'NutriLife'),
(14, 'Sabonete Antibacteriano',    5, 2.10,  6.90,  'HigieneMax'),
(15, 'Shampoo Anticaspa 400ml',    5, 9.40,  28.90, 'HigieneMax'),
(16, 'Perfume Importado 100ml',    6, 89.00, 289.00,'LuxImport'),
(17, 'Colônia Nacional 200ml',     6, 18.00, 69.90, 'LuxImport'),
(18, 'Leite NAN Supreme 800g',     7, 48.00, 109.90,'NutriBaby'),
(19, 'Papinha Nestlé Frango',      7, 3.80,  8.90,  'NutriBaby'),
(20, 'Termômetro Digital',         8, 12.00, 39.90, 'MedEquip'),
(21, 'Aparelho de Pressão',        8, 78.00, 219.90,'MedEquip'),
(22, 'Nebulizador Portátil',       8, 95.00, 259.90,'MedEquip'),
(23, 'Losartana 25mg cx30',        1, 5.10,  13.90, 'FarmaDistrib'),
(24, 'Metformina 850mg cx30',      1, 4.80,  13.20, 'MedSupply'),
(25, 'Protetor Solar FPS30 200ml', 3, 14.50, 48.90, 'DermaBrasil');

-- ========================
-- TABELA: clientes
-- ========================
CREATE TABLE clientes (
    cliente_id   INT PRIMARY KEY,
    nome         VARCHAR(80),
    cpf          CHAR(11),
    data_nascimento DATE,
    genero       CHAR(1),   -- M / F
    cidade       VARCHAR(50),
    estado       CHAR(2),
    cadastro     DATE,
    plano_fidelidade CHAR(1)  -- S / N
);

INSERT INTO clientes VALUES
(1,  'Ana Paula Ferreira',  '11122233344', '1985-04-12', 'F', 'São Paulo',       'SP', '2021-01-10', 'S'),
(2,  'Carlos Mendes',       '22233344455', '1972-09-28', 'M', 'São Paulo',       'SP', '2020-05-20', 'S'),
(3,  'Juliana Costa',       '33344455566', '1990-11-03', 'F', 'Campinas',        'SP', '2022-03-15', 'N'),
(4,  'Roberto Lima',        '44455566677', '1965-07-17', 'M', 'Rio de Janeiro',  'RJ', '2019-08-01', 'S'),
(5,  'Fernanda Oliveira',   '55566677788', '1998-02-25', 'F', 'Rio de Janeiro',  'RJ', '2023-01-05', 'N'),
(6,  'Marcos Souza',        '66677788899', '1980-06-14', 'M', 'Belo Horizonte',  'MG', '2021-11-30', 'S'),
(7,  'Patricia Santos',     '77788899900', '1993-08-08', 'F', 'Curitiba',        'PR', '2022-07-19', 'N'),
(8,  'Diego Alves',         '88899900011', '1988-03-22', 'M', 'Porto Alegre',    'RS', '2023-04-10', 'N'),
(9,  'Camila Rodrigues',    '99900011122', '1975-12-01', 'F', 'Recife',          'PE', '2022-09-25', 'S'),
(10, 'Eduardo Nunes',       '10011122233', '1960-05-30', 'M', 'Salvador',        'BA', '2023-06-18', 'N'),
(11, 'Leticia Martins',     '11122244455', '2001-01-15', 'F', 'São Paulo',       'SP', '2023-02-28', 'N'),
(12, 'Thiago Barbosa',      '22233355566', '1978-10-10', 'M', 'São Paulo',       'SP', '2020-12-01', 'S'),
(13, 'Renata Gomes',        '33344466677', '1995-06-20', 'F', 'Rio de Janeiro',  'RJ', '2021-06-14', 'S'),
(14, 'Bruno Carvalho',      '44455577788', '1983-03-05', 'M', 'Campinas',        'SP', '2022-10-08', 'N'),
(15, 'Isabela Freitas',     '55566688899', '2000-09-14', 'F', 'Curitiba',        'PR', '2023-05-22', 'N');

-- ========================
-- TABELA: vendas
-- ========================
CREATE TABLE vendas (
    venda_id    INT PRIMARY KEY,
    data_venda  DATE,
    loja_id     INT REFERENCES lojas(loja_id),
    cliente_id  INT REFERENCES clientes(cliente_id),
    forma_pagamento VARCHAR(20),  -- Dinheiro, Débito, Crédito, Pix
    desconto_total  DECIMAL(10,2) DEFAULT 0,
    vendedor    VARCHAR(50)
);

-- Amostra representativa de 80 vendas (Jan/2023 a Dez/2024)
INSERT INTO vendas VALUES
(1,  '2023-01-05', 1,  1,  'Pix',     0.00,  'Fernanda'),
(2,  '2023-01-10', 2,  2,  'Crédito', 5.00,  'Lucas'),
(3,  '2023-01-15', 4,  4,  'Débito',  0.00,  'Mariana'),
(4,  '2023-01-20', 6,  6,  'Dinheiro',0.00,  'Pedro'),
(5,  '2023-02-03', 1,  1,  'Pix',     10.00, 'Fernanda'),
(6,  '2023-02-14', 3,  3,  'Crédito', 0.00,  'Aline'),
(7,  '2023-02-20', 5,  5,  'Pix',     0.00,  'Ricardo'),
(8,  '2023-03-08', 7,  7,  'Débito',  0.00,  'Camila'),
(9,  '2023-03-15', 1,  2,  'Crédito', 15.00, 'Fernanda'),
(10, '2023-03-22', 4,  4,  'Pix',     0.00,  'Mariana'),
(11, '2023-04-05', 2,  1,  'Débito',  0.00,  'Lucas'),
(12, '2023-04-12', 6,  6,  'Crédito', 0.00,  'Pedro'),
(13, '2023-04-18', 1,  12, 'Pix',     20.00, 'Fernanda'),
(14, '2023-05-02', 3,  3,  'Crédito', 0.00,  'Aline'),
(15, '2023-05-09', 9,  9,  'Pix',     0.00,  'Julio'),
(16, '2023-05-20', 4,  13, 'Débito',  0.00,  'Mariana'),
(17, '2023-06-01', 1,  1,  'Crédito', 0.00,  'Fernanda'),
(18, '2023-06-10', 2,  2,  'Pix',     5.00,  'Lucas'),
(19, '2023-06-22', 7,  7,  'Débito',  0.00,  'Camila'),
(20, '2023-07-04', 1,  11, 'Pix',     0.00,  'Fernanda'),
(21, '2023-07-15', 6,  6,  'Crédito', 10.00, 'Pedro'),
(22, '2023-07-28', 4,  4,  'Pix',     0.00,  'Mariana'),
(23, '2023-08-05', 3,  14, 'Débito',  0.00,  'Aline'),
(24, '2023-08-12', 1,  2,  'Crédito', 0.00,  'Fernanda'),
(25, '2023-08-25', 8,  8,  'Pix',     0.00,  'Bruno'),
(26, '2023-09-03', 5,  5,  'Crédito', 0.00,  'Ricardo'),
(27, '2023-09-14', 1,  1,  'Pix',     5.00,  'Fernanda'),
(28, '2023-09-27', 9,  9,  'Débito',  0.00,  'Julio'),
(29, '2023-10-08', 6,  6,  'Crédito', 0.00,  'Pedro'),
(30, '2023-10-19', 2,  12, 'Pix',     15.00, 'Lucas'),
(31, '2023-10-30', 4,  4,  'Débito',  0.00,  'Mariana'),
(32, '2023-11-05', 1,  1,  'Pix',     0.00,  'Fernanda'),
(33, '2023-11-11', 7,  7,  'Crédito', 0.00,  'Camila'),
(34, '2023-11-20', 3,  3,  'Pix',     0.00,  'Aline'),
(35, '2023-11-28', 10, 10, 'Débito',  0.00,  'Sofia'),
(36, '2023-12-02', 1,  2,  'Crédito', 10.00, 'Fernanda'),
(37, '2023-12-10', 6,  6,  'Pix',     0.00,  'Pedro'),
(38, '2023-12-15', 4,  13, 'Crédito', 0.00,  'Mariana'),
(39, '2023-12-22', 1,  1,  'Pix',     20.00, 'Fernanda'),
(40, '2023-12-28', 2,  2,  'Débito',  0.00,  'Lucas'),
(41, '2024-01-08', 1,  1,  'Pix',     0.00,  'Fernanda'),
(42, '2024-01-15', 3,  3,  'Crédito', 5.00,  'Aline'),
(43, '2024-01-22', 5,  5,  'Débito',  0.00,  'Ricardo'),
(44, '2024-02-05', 6,  6,  'Pix',     0.00,  'Pedro'),
(45, '2024-02-14', 1,  12, 'Crédito', 30.00, 'Fernanda'),
(46, '2024-02-20', 4,  4,  'Pix',     0.00,  'Mariana'),
(47, '2024-03-01', 2,  2,  'Débito',  0.00,  'Lucas'),
(48, '2024-03-10', 7,  7,  'Pix',     10.00, 'Camila'),
(49, '2024-03-18', 9,  9,  'Crédito', 0.00,  'Julio'),
(50, '2024-03-25', 1,  1,  'Pix',     0.00,  'Fernanda'),
(51, '2024-04-03', 6,  6,  'Débito',  0.00,  'Pedro'),
(52, '2024-04-12', 3,  14, 'Pix',     5.00,  'Aline'),
(53, '2024-04-22', 10, 10, 'Crédito', 0.00,  'Sofia'),
(54, '2024-05-02', 1,  2,  'Pix',     0.00,  'Fernanda'),
(55, '2024-05-10', 4,  4,  'Débito',  15.00, 'Mariana'),
(56, '2024-05-19', 8,  8,  'Pix',     0.00,  'Bruno'),
(57, '2024-06-01', 2,  12, 'Crédito', 0.00,  'Lucas'),
(58, '2024-06-08', 1,  1,  'Pix',     0.00,  'Fernanda'),
(59, '2024-06-15', 5,  5,  'Débito',  0.00,  'Ricardo'),
(60, '2024-06-25', 6,  6,  'Pix',     10.00, 'Pedro'),
(61, '2024-07-05', 1,  11, 'Crédito', 0.00,  'Fernanda'),
(62, '2024-07-12', 3,  3,  'Pix',     0.00,  'Aline'),
(63, '2024-07-20', 4,  13, 'Débito',  5.00,  'Mariana'),
(64, '2024-07-28', 9,  9,  'Pix',     0.00,  'Julio'),
(65, '2024-08-05', 1,  1,  'Crédito', 0.00,  'Fernanda'),
(66, '2024-08-12', 7,  7,  'Pix',     0.00,  'Camila'),
(67, '2024-08-20', 2,  2,  'Débito',  0.00,  'Lucas'),
(68, '2024-08-28', 6,  6,  'Crédito', 20.00, 'Pedro'),
(69, '2024-09-04', 1,  15, 'Pix',     0.00,  'Fernanda'),
(70, '2024-09-11', 10, 10, 'Débito',  0.00,  'Sofia'),
(71, '2024-09-18', 4,  4,  'Pix',     0.00,  'Mariana'),
(72, '2024-09-25', 3,  14, 'Crédito', 5.00,  'Aline'),
(73, '2024-10-03', 1,  1,  'Pix',     0.00,  'Fernanda'),
(74, '2024-10-10', 8,  8,  'Débito',  0.00,  'Bruno'),
(75, '2024-10-18', 5,  5,  'Pix',     10.00, 'Ricardo'),
(76, '2024-10-25', 6,  6,  'Crédito', 0.00,  'Pedro'),
(77, '2024-11-05', 1,  2,  'Pix',     0.00,  'Fernanda'),
(78, '2024-11-12', 2,  12, 'Débito',  15.00, 'Lucas'),
(79, '2024-11-20', 9,  9,  'Pix',     0.00,  'Julio'),
(80, '2024-12-01', 1,  1,  'Crédito', 25.00, 'Fernanda'),
(81, '2024-12-08', 4,  4,  'Pix',     0.00,  'Mariana'),
(82, '2024-12-15', 7,  7,  'Débito',  0.00,  'Camila'),
(83, '2024-12-22', 6,  6,  'Pix',     10.00, 'Pedro'),
(84, '2024-12-28', 1,  11, 'Crédito', 0.00,  'Fernanda');

-- ========================
-- TABELA: itens_venda
-- ========================
CREATE TABLE itens_venda (
    item_id     INT PRIMARY KEY,
    venda_id    INT REFERENCES vendas(venda_id),
    produto_id  INT REFERENCES produtos(produto_id),
    quantidade  INT,
    preco_unit  DECIMAL(10,2),
    desconto    DECIMAL(10,2) DEFAULT 0
);

INSERT INTO itens_venda VALUES
(1,   1,  1,  2, 8.90,  0.00),
(2,   1,  10, 1, 68.90, 0.00),
(3,   2,  7,  1, 61.00, 5.00),
(4,   2,  11, 2, 29.90, 0.00),
(5,   3,  6,  1, 52.00, 0.00),
(6,   3,  4,  2, 14.80, 0.00),
(7,   4,  13, 1, 79.90, 0.00),
(8,   4,  14, 3, 6.90,  0.00),
(9,   5,  10, 1, 68.90, 10.00),
(10,  5,  1,  3, 8.90,  0.00),
(11,  6,  18, 1, 109.90,0.00),
(12,  6,  19, 4, 8.90,  0.00),
(13,  7,  16, 1, 289.00,0.00),
(14,  8,  21, 1, 219.90,0.00),
(15,  8,  20, 1, 39.90, 0.00),
(16,  9,  8,  2, 79.90, 15.00),
(17,  9,  4,  1, 14.80, 0.00),
(18,  10, 6,  1, 52.00, 0.00),
(19,  10, 5,  2, 16.50, 0.00),
(20,  11, 12, 1, 139.90,0.00),
(21,  11, 11, 2, 29.90, 0.00),
(22,  12, 13, 1, 79.90, 0.00),
(23,  12, 15, 2, 28.90, 0.00),
(24,  13, 16, 1, 289.00,20.00),
(25,  13, 17, 1, 69.90, 0.00),
(26,  14, 18, 1, 109.90,0.00),
(27,  14, 3,  2, 24.90, 0.00),
(28,  15, 10, 2, 68.90, 0.00),
(29,  15, 9,  1, 29.90, 0.00),
(30,  16, 22, 1, 259.90,0.00),
(31,  16, 20, 2, 39.90, 0.00),
(32,  17, 7,  1, 61.00, 0.00),
(33,  17, 24, 2, 13.20, 0.00),
(34,  18, 5,  3, 16.50, 5.00),
(35,  18, 23, 2, 13.90, 0.00),
(36,  19, 21, 1, 219.90,0.00),
(37,  20, 11, 3, 29.90, 0.00),
(38,  20, 14, 5, 6.90,  0.00),
(39,  21, 13, 2, 79.90, 10.00),
(40,  21, 12, 1, 139.90,0.00),
(41,  22, 6,  2, 52.00, 0.00),
(42,  22, 4,  3, 14.80, 0.00),
(43,  23, 18, 1, 109.90,0.00),
(44,  23, 19, 6, 8.90,  0.00),
(45,  24, 8,  1, 79.90, 0.00),
(46,  24, 2,  3, 11.50, 0.00),
(47,  25, 22, 1, 259.90,0.00),
(48,  26, 16, 1, 289.00,0.00),
(49,  26, 17, 2, 69.90, 0.00),
(50,  27, 10, 1, 68.90, 5.00),
(51,  27, 25, 1, 48.90, 0.00),
(52,  28, 21, 1, 219.90,0.00),
(53,  28, 4,  2, 14.80, 0.00),
(54,  29, 7,  1, 61.00, 0.00),
(55,  29, 13, 1, 79.90, 0.00),
(56,  30, 12, 2, 139.90,15.00),
(57,  30, 11, 3, 29.90, 0.00),
(58,  31, 6,  1, 52.00, 0.00),
(59,  31, 5,  4, 16.50, 0.00),
(60,  32, 1,  5, 8.90,  0.00),
(61,  32, 4,  2, 14.80, 0.00),
(62,  33, 22, 1, 259.90,0.00),
(63,  33, 20, 1, 39.90, 0.00),
(64,  34, 18, 2, 109.90,0.00),
(65,  34, 19, 8, 8.90,  0.00),
(66,  35, 10, 1, 68.90, 0.00),
(67,  35, 9,  2, 29.90, 0.00),
(68,  36, 16, 1, 289.00,10.00),
(69,  36, 15, 2, 28.90, 0.00),
(70,  37, 13, 1, 79.90, 0.00),
(71,  37, 14, 4, 6.90,  0.00),
(72,  38, 7,  2, 61.00, 0.00),
(73,  38, 8,  1, 79.90, 0.00),
(74,  39, 12, 1, 139.90,20.00),
(75,  39, 11, 4, 29.90, 0.00),
(76,  40, 21, 1, 219.90,0.00),
(77,  40, 23, 3, 13.90, 0.00),
(78,  41, 10, 2, 68.90, 0.00),
(79,  41, 1,  4, 8.90,  0.00),
(80,  42, 18, 1, 109.90,5.00),
(81,  42, 24, 2, 13.20, 0.00),
(82,  43, 16, 1, 289.00,0.00),
(83,  44, 13, 2, 79.90, 0.00),
(84,  44, 15, 3, 28.90, 0.00),
(85,  45, 16, 1, 289.00,30.00),
(86,  45, 17, 2, 69.90, 0.00),
(87,  46, 6,  1, 52.00, 0.00),
(88,  46, 5,  3, 16.50, 0.00),
(89,  47, 7,  1, 61.00, 0.00),
(90,  47, 4,  2, 14.80, 0.00),
(91,  48, 22, 1, 259.90,10.00),
(92,  48, 20, 2, 39.90, 0.00),
(93,  49, 10, 3, 68.90, 0.00),
(94,  49, 9,  2, 29.90, 0.00),
(95,  50, 1,  6, 8.90,  0.00),
(96,  50, 11, 2, 29.90, 0.00),
(97,  51, 13, 1, 79.90, 0.00),
(98,  51, 12, 1, 139.90,0.00),
(99,  52, 18, 1, 109.90,5.00),
(100, 52, 19, 4, 8.90,  0.00),
(101, 53, 21, 1, 219.90,0.00),
(102, 54, 8,  2, 79.90, 0.00),
(103, 54, 2,  4, 11.50, 0.00),
(104, 55, 6,  2, 52.00, 15.00),
(105, 55, 4,  3, 14.80, 0.00),
(106, 56, 22, 1, 259.90,0.00),
(107, 57, 12, 2, 139.90,0.00),
(108, 57, 15, 2, 28.90, 0.00),
(109, 58, 10, 1, 68.90, 0.00),
(110, 58, 25, 2, 48.90, 0.00),
(111, 59, 16, 1, 289.00,0.00),
(112, 60, 13, 2, 79.90, 10.00),
(113, 60, 14, 6, 6.90,  0.00),
(114, 61, 1,  5, 8.90,  0.00),
(115, 61, 4,  2, 14.80, 0.00),
(116, 62, 18, 1, 109.90,0.00),
(117, 62, 24, 3, 13.20, 0.00),
(118, 63, 7,  2, 61.00, 5.00),
(119, 63, 8,  1, 79.90, 0.00),
(120, 64, 10, 2, 68.90, 0.00),
(121, 64, 9,  1, 29.90, 0.00),
(122, 65, 12, 1, 139.90,0.00),
(123, 65, 11, 3, 29.90, 0.00),
(124, 66, 22, 1, 259.90,0.00),
(125, 66, 20, 1, 39.90, 0.00),
(126, 67, 6,  1, 52.00, 0.00),
(127, 67, 5,  2, 16.50, 0.00),
(128, 68, 16, 1, 289.00,20.00),
(129, 68, 17, 1, 69.90, 0.00),
(130, 69, 18, 1, 109.90,0.00),
(131, 69, 19, 5, 8.90,  0.00),
(132, 70, 21, 1, 219.90,0.00),
(133, 71, 6,  2, 52.00, 0.00),
(134, 71, 4,  4, 14.80, 0.00),
(135, 72, 13, 1, 79.90, 5.00),
(136, 72, 15, 3, 28.90, 0.00),
(137, 73, 1,  8, 8.90,  0.00),
(138, 73, 2,  3, 11.50, 0.00),
(139, 74, 22, 1, 259.90,0.00),
(140, 75, 10, 2, 68.90, 10.00),
(141, 75, 25, 1, 48.90, 0.00),
(142, 76, 7,  1, 61.00, 0.00),
(143, 76, 13, 2, 79.90, 0.00),
(144, 77, 12, 1, 139.90,0.00),
(145, 77, 11, 2, 29.90, 0.00),
(146, 78, 16, 1, 289.00,15.00),
(147, 78, 17, 2, 69.90, 0.00),
(148, 79, 10, 3, 68.90, 0.00),
(149, 79, 9,  2, 29.90, 0.00),
(150, 80, 13, 2, 79.90, 25.00),
(151, 80, 12, 1, 139.90,0.00),
(152, 81, 6,  1, 52.00, 0.00),
(153, 81, 5,  3, 16.50, 0.00),
(154, 82, 21, 1, 219.90,0.00),
(155, 82, 20, 2, 39.90, 0.00),
(156, 83, 16, 1, 289.00,10.00),
(157, 83, 15, 3, 28.90, 0.00),
(158, 84, 1,  4, 8.90,  0.00),
(159, 84, 4,  3, 14.80, 0.00);

-- ============================================================
-- FIM DO SCRIPT
-- ============================================================
